no,housenumber,street,city,state,zip,country
1,500,East Trade Street,Charlotte,North Carolina,28202,United States of America
2,House Number Not Found,Street Not Found,Jonesboro,Arkansas,72403,United States of America
3,1423,North Jefferson Avenue,Springfield,Missouri,65801,United States of America
4,House Number Not Found,Street Not Found,Level Corner,Pennsylvania,17744,United States of America
5,House Number Not Found,Union Turnpike,New York City,New York,11366,United States of America
6,House Number Not Found,Street Not Found,Jefferson,Kansas,67340,United States of America
7,150,Greenwich Street,New York City,New York,10007,United States of America
8,House Number Not Found,Street Not Found,Kolkata,West Bengal,700012,India
9,House Number Not Found,Street Not Found,Muscatine,Iowa,52761,United States of America
10,House Number Not Found,North Broadway Street,Medina,Ohio,44256,United States of America
11,74,Berry Street,Brisbane,Queensland,4004,Australia
12,House Number Not Found,Street Not Found,West Des Moines,Iowa,50265-5556,United States of America
13,74,Berry Street,Brisbane,Queensland,4004,Australia
14,House Number Not Found,Street Not Found,Jefferson,Kansas,67340,United States of America
15,House Number Not Found,Street Not Found,Jefferson,Kansas,67340,United States of America
16,House Number Not Found,Kissena Boulevard,New York City,New York,11355,United States of America
17,House Number Not Found,Street Not Found,Jefferson,Kansas,67340,United States of America
18,House Number Not Found,Street Not Found,Pittsburgh,Pennsylvania,15219,United States of America
19,House Number Not Found,Newbury Road,Thousand Oaks,California,CA 91320,United States of America
20,935,Gardiners Road,Kingston,Ontario,K7M 9A9,Canada
21,House Number Not Found,Street Not Found,Coffeyville,Kansas,67337,United States of America
22,570,Roseberry Street,Winnipeg,Manitoba,R3H 0R9,Canada
23,House Number Not Found,Street Not Found,St. Louis,Missouri,63102-1102,United States of America
24,74,Berry Street,Brisbane,Queensland,4004,Australia
25,House Number Not Found,Street Not Found,Toronto,Ontario,M5J 1S9,Canada
26,House Number Not Found,Rue Roger-Pilon,Dollard-Des-Ormeaux,Quebec,H9A 2K2,Canada
27,21,Dane Street,Somerville,Massachusetts,2143,United States of America
28,House Number Not Found,Street Not Found,Atlanta,Georgia,30303,United States of America
29,House Number Not Found,Street Not Found,Plumsted Township,New Jersey,8533,United States of America
30,House Number Not Found,Street Not Found,Edison,New Jersey,08854-8055,United States of America
31,1,Federal Street,Boston,Massachusetts,02110-1301,United States of America
32,411,South Houston Street,Dallas,Texas,75202,United States of America
33,House Number Not Found,Street Not Found,Carrollton,Texas,75010,United States of America
34,House Number Not Found,Street Not Found,City Not Found,Minnesota,Postcode Not Found,United States of America
35,House Number Not Found,Enterprise Drive,Bird in Hand,Pennsylvania,17576,United States of America
36,1801,First Capitol Drive,Saint Charles,Missouri,63301,United States of America
37,House Number Not Found,Enterprise Drive,Bird in Hand,Pennsylvania,17576,United States of America
38,House Number Not Found,Street Not Found,Beaumont,Texas,77702,United States of America
39,House Number Not Found,Enterprise Drive,Bird in Hand,Pennsylvania,17576,United States of America
40,House Number Not Found,Street Not Found,Sportsmen Acres Community,Oklahoma,Postcode Not Found,United States of America
41,House Number Not Found,Street Not Found,Las Vegas,Nevada,89101,United States of America
42,House Number Not Found,Street Not Found,Le Hunt,Kansas,67301,United States of America
43,House Number Not Found,Street Not Found,Plumsted Township,New Jersey,8533,United States of America
44,House Number Not Found,Street Not Found,Charleston,South Carolina,29401,United States of America
45,House Number Not Found,Street Not Found,Olathe,Kansas,66061,United States of America
46,150,Greenwich Street,New York City,New York,10007,United States of America
47,House Number Not Found,Street Not Found,Birr Municipal District,State Not Found,Postcode Not Found,Ireland
48,House Number Not Found,Street Not Found,Jersey City,New Jersey,07304:07306,United States of America
49,150,Greenwich Street,New York City,New York,10007,United States of America
50,500,East Trade Street,Charlotte,North Carolina,28202,United States of America
51,House Number Not Found,Street Not Found,Atlanta,Georgia,30303,United States of America
52,House Number Not Found,Street Not Found,Atlanta,Georgia,30303,United States of America
53,500,East Trade Street,Charlotte,North Carolina,28202,United States of America
54,500,East Trade Street,Charlotte,North Carolina,28202,United States of America
55,House Number Not Found,Street Not Found,Columbus,Ohio,43216,United States of America
56,151,North Franklin Street,Chicago,Illinois,60606,United States of America
57,House Number Not Found,Street Not Found,Houston,Texas,77003:77007,United States of America
58,House Number Not Found,Street Not Found,Plainfield,New Hampshire,3781,United States of America
59,9246,Beauregard Avenue,Manassas,Virginia,20110,United States of America
60,House Number Not Found,Street Not Found,Jefferson,Kansas,67340,United States of America
61,610,West College Street,Springfield,Missouri,65806,United States of America
62,House Number Not Found,Street Not Found,Durham,North Carolina,27701,United States of America
63,House Number Not Found,Street Not Found,City Not Found,State Not Found,Postcode Not Found,Country Not Found
64,House Number Not Found,Street Not Found,Atlanta,Georgia,30303,United States of America
65,House Number Not Found,West Side Highway,Sacramento,California,95814,United States of America
66,House Number Not Found,Orange Street,Jacksonville,Florida,32202,United States of America
67,House Number Not Found,Street Not Found,Plumsted Township,New Jersey,8533,United States of America
68,House Number Not Found,Street Not Found,Washington,District of Columbia,20420,United States of America
69,House Number Not Found,Street Not Found,St. Louis,Missouri,63102-1102,United States of America
70,15361,State Route 207,Coles Corner,Washington,98826,United States of America
71,House Number Not Found,Street Not Found,Six Forks,Delaware,19954,United States of America
72,House Number Not Found,Street Not Found,City Not Found,State Not Found,Postcode Not Found,Country Not Found
73,15361,State Route 207,Coles Corner,Washington,98826,United States of America
74,15361,State Route 207,Coles Corner,Washington,98826,United States of America
75,House Number Not Found,Warner Bridge Road,Sims Spring,Tennessee,37160,United States of America
76,15361,State Route 207,Coles Corner,Washington,98826,United States of America
77,House Number Not Found,Street Not Found,Jefferson,Kansas,67340,United States of America
78,15361,State Route 207,Coles Corner,Washington,98826,United States of America
79,House Number Not Found,Street Not Found,Tameside,England,OL6 6PQ,United Kingdom
80,House Number Not Found,Street Not Found,Plumsted Township,New Jersey,8533,United States of America
81,15361,State Route 207,Coles Corner,Washington,98826,United States of America
82,House Number Not Found,Street Not Found,Washington,District of Columbia,20420,United States of America
83,House Number Not Found,Street Not Found,Atlanta,Georgia,30303,United States of America
84,15361,State Route 207,Coles Corner,Washington,98826,United States of America
85,151,North Franklin Street,Chicago,Illinois,60606,United States of America
86,500,East Trade Street,Charlotte,North Carolina,28202,United States of America
87,15361,State Route 207,Coles Corner,Washington,98826,United States of America
88,15361,State Route 207,Coles Corner,Washington,98826,United States of America
89,15361,State Route 207,Coles Corner,Washington,98826,United States of America
90,1,Federal Street,Boston,Massachusetts,02110-1301,United States of America
91,House Number Not Found,West Side Highway,Sacramento,California,95814,United States of America
92,1635,Farrington Road,Bells,North Carolina,27523,United States of America
93,House Number Not Found,North 3rd Street,De Queen,Arkansas,71832,United States of America
94,House Number Not Found,Street Not Found,Maybole,Scotland,KA19 7HS,United Kingdom
95,House Number Not Found,Street Not Found,Baltimore,Maryland,21202,United States of America
96,1,Federal Street,Boston,Massachusetts,02110-1301,United States of America
97,House Number Not Found,Street Not Found,Washington,District of Columbia,20420,United States of America
98,House Number Not Found,Broadway,London,England,SW1H 0BE,United Kingdom
99,House Number Not Found,Posterngate,Hull,England,HU1 2LS,United Kingdom
100,House Number Not Found,Street Not Found,Atlanta,Georgia,30303,United States of America
101,150,West 15th Street,North Vancouver City,British Columbia,V7M,Canada
102,House Number Not Found,Canal Street,Lemont,Illinois,60439,United States of America
103,House Number Not Found,Street Not Found,Chadwick,Illinois,61014,United States of America
104,House Number Not Found,Street Not Found,Bethesda,Maryland,22814,United States of America
105,15361,State Route 207,Coles Corner,Washington,98826,United States of America
106,House Number Not Found,Street Not Found,City Not Found,State Not Found,Postcode Not Found,Country Not Found
107,House Number Not Found,Street Not Found,Jefferson,Kansas,67340,United States of America
108,House Number Not Found,New Street,Irvington,New Jersey,7111,United States of America
109,House Number Not Found,Street Not Found,Princeville,Illinois,61559,United States of America
110,House Number Not Found,Street Not Found,Toronto,Ontario,M5J 1S9,Canada
111,150,Greenwich Street,New York City,New York,10007,United States of America
112,133,South 3rd Street,Louisville,Kentucky,40202,United States of America
113,House Number Not Found,Street Not Found,Tampa,Florida,33602,United States of America
114,500,East Trade Street,Charlotte,North Carolina,28202,United States of America
115,House Number Not Found,Street Not Found,Jonesboro,Arkansas,72403,United States of America
116,1423,North Jefferson Avenue,Springfield,Missouri,65801,United States of America
117,House Number Not Found,Street Not Found,Level Corner,Pennsylvania,17744,United States of America
118,House Number Not Found,Union Turnpike,New York City,New York,11366,United States of America
119,House Number Not Found,Street Not Found,Jefferson,Kansas,67340,United States of America
120,150,Greenwich Street,New York City,New York,10007,United States of America
121,House Number Not Found,Street Not Found,Kolkata,West Bengal,700012,India
122,House Number Not Found,Street Not Found,Muscatine,Iowa,52761,United States of America
123,House Number Not Found,North Broadway Street,Medina,Ohio,44256,United States of America
124,74,Berry Street,Brisbane,Queensland,4004,Australia
125,House Number Not Found,Street Not Found,West Des Moines,Iowa,50265-5556,United States of America
126,74,Berry Street,Brisbane,Queensland,4004,Australia
127,House Number Not Found,Street Not Found,Jefferson,Kansas,67340,United States of America
128,House Number Not Found,Street Not Found,Jefferson,Kansas,67340,United States of America
129,House Number Not Found,Kissena Boulevard,New York City,New York,11355,United States of America
130,House Number Not Found,Street Not Found,Jefferson,Kansas,67340,United States of America
131,House Number Not Found,Street Not Found,Pittsburgh,Pennsylvania,15219,United States of America
132,House Number Not Found,Newbury Road,Thousand Oaks,California,CA 91320,United States of America
133,935,Gardiners Road,Kingston,Ontario,K7M 9A9,Canada
134,House Number Not Found,Street Not Found,Coffeyville,Kansas,67337,United States of America
135,570,Roseberry Street,Winnipeg,Manitoba,R3H 0R9,Canada
136,House Number Not Found,Street Not Found,St. Louis,Missouri,63102-1102,United States of America
137,74,Berry Street,Brisbane,Queensland,4004,Australia
138,House Number Not Found,Street Not Found,Toronto,Ontario,M5J 1S9,Canada
139,House Number Not Found,East McDonald Street,Mineola,Texas,75773,United States of America
140,House Number Not Found,Rue Roger-Pilon,Dollard-Des-Ormeaux,Quebec,H9A 2K2,Canada
141,21,Dane Street,Somerville,Massachusetts,2143,United States of America
142,House Number Not Found,Street Not Found,Atlanta,Georgia,30303,United States of America
143,House Number Not Found,Street Not Found,Plumsted Township,New Jersey,8533,United States of America
144,House Number Not Found,Street Not Found,Edison,New Jersey,08854-8055,United States of America
145,1,Federal Street,Boston,Massachusetts,02110-1301,United States of America
146,411,South Houston Street,Dallas,Texas,75202,United States of America
147,House Number Not Found,Street Not Found,Carrollton,Texas,75010,United States of America
148,House Number Not Found,Street Not Found,City Not Found,Minnesota,Postcode Not Found,United States of America
149,House Number Not Found,Enterprise Drive,Bird in Hand,Pennsylvania,17576,United States of America
150,1801,First Capitol Drive,Saint Charles,Missouri,63301,United States of America
151,House Number Not Found,Enterprise Drive,Bird in Hand,Pennsylvania,17576,United States of America
152,House Number Not Found,Street Not Found,Beaumont,Texas,77702,United States of America
153,House Number Not Found,Enterprise Drive,Bird in Hand,Pennsylvania,17576,United States of America
154,House Number Not Found,Street Not Found,Sportsmen Acres Community,Oklahoma,Postcode Not Found,United States of America
155,House Number Not Found,Street Not Found,Las Vegas,Nevada,89101,United States of America
156,House Number Not Found,Street Not Found,Le Hunt,Kansas,67301,United States of America
157,House Number Not Found,Street Not Found,Plumsted Township,New Jersey,8533,United States of America
158,House Number Not Found,Street Not Found,Charleston,South Carolina,29401,United States of America
159,House Number Not Found,Street Not Found,Olathe,Kansas,66061,United States of America
160,150,Greenwich Street,New York City,New York,10007,United States of America
161,House Number Not Found,Street Not Found,Birr Municipal District,State Not Found,Postcode Not Found,Ireland
162,House Number Not Found,Street Not Found,Jersey City,New Jersey,07304:07306,United States of America
163,House Number Not Found,Street Not Found,Baltimore,Maryland,21202,United States of America
164,500,East Trade Street,Charlotte,North Carolina,28202,United States of America
165,House Number Not Found,Street Not Found,Atlanta,Georgia,30303,United States of America
166,House Number Not Found,Street Not Found,Atlanta,Georgia,30303,United States of America
167,500,East Trade Street,Charlotte,North Carolina,28202,United States of America
168,500,East Trade Street,Charlotte,North Carolina,28202,United States of America
169,House Number Not Found,Street Not Found,Columbus,Ohio,43216,United States of America
170,151,North Franklin Street,Chicago,Illinois,60606,United States of America
171,House Number Not Found,Street Not Found,Houston,Texas,77003:77007,United States of America
172,House Number Not Found,Street Not Found,Plainfield,New Hampshire,3781,United States of America
173,9246,Beauregard Avenue,Manassas,Virginia,20110,United States of America
174,House Number Not Found,Street Not Found,Jefferson,Kansas,67340,United States of America
175,610,West College Street,Springfield,Missouri,65806,United States of America
176,House Number Not Found,Street Not Found,Durham,North Carolina,27701,United States of America
177,House Number Not Found,Street Not Found,City Not Found,State Not Found,Postcode Not Found,Country Not Found
178,House Number Not Found,Street Not Found,Atlanta,Georgia,30303,United States of America
179,House Number Not Found,West Side Highway,Sacramento,California,95814,United States of America
180,House Number Not Found,Orange Street,Jacksonville,Florida,32202,United States of America
181,House Number Not Found,Street Not Found,Plumsted Township,New Jersey,8533,United States of America
182,House Number Not Found,Street Not Found,Washington,District of Columbia,20420,United States of America
183,House Number Not Found,Street Not Found,St. Louis,Missouri,63102-1102,United States of America
184,15361,State Route 207,Coles Corner,Washington,98826,United States of America
185,House Number Not Found,Street Not Found,Six Forks,Delaware,19954,United States of America
186,House Number Not Found,Street Not Found,City Not Found,State Not Found,Postcode Not Found,Country Not Found
187,15361,State Route 207,Coles Corner,Washington,98826,United States of America
188,15361,State Route 207,Coles Corner,Washington,98826,United States of America
189,House Number Not Found,Warner Bridge Road,Sims Spring,Tennessee,37160,United States of America
190,15361,State Route 207,Coles Corner,Washington,98826,United States of America
191,House Number Not Found,Street Not Found,Jefferson,Kansas,67340,United States of America
192,15361,State Route 207,Coles Corner,Washington,98826,United States of America
193,House Number Not Found,Street Not Found,Tameside,England,OL6 6PQ,United Kingdom
194,House Number Not Found,Street Not Found,Plumsted Township,New Jersey,8533,United States of America
195,15361,State Route 207,Coles Corner,Washington,98826,United States of America
196,House Number Not Found,Street Not Found,Washington,District of Columbia,20420,United States of America
197,House Number Not Found,Street Not Found,Atlanta,Georgia,30303,United States of America
198,15361,State Route 207,Coles Corner,Washington,98826,United States of America
199,151,North Franklin Street,Chicago,Illinois,60606,United States of America
200,500,East Trade Street,Charlotte,North Carolina,28202,United States of America
201,15361,State Route 207,Coles Corner,Washington,98826,United States of America
202,15361,State Route 207,Coles Corner,Washington,98826,United States of America
203,15361,State Route 207,Coles Corner,Washington,98826,United States of America
204,1,Federal Street,Boston,Massachusetts,02110-1301,United States of America
205,House Number Not Found,West Side Highway,Sacramento,California,95814,United States of America
206,1635,Farrington Road,Bells,North Carolina,27523,United States of America
207,House Number Not Found,North 3rd Street,De Queen,Arkansas,71832,United States of America
208,House Number Not Found,Street Not Found,Maybole,Scotland,KA19 7HS,United Kingdom
209,House Number Not Found,Street Not Found,Baltimore,Maryland,21202,United States of America
210,1,Federal Street,Boston,Massachusetts,02110-1301,United States of America
211,House Number Not Found,Street Not Found,Washington,District of Columbia,20420,United States of America
212,House Number Not Found,Broadway,London,England,SW1H 0BE,United Kingdom
213,House Number Not Found,Posterngate,Hull,England,HU1 2LS,United Kingdom
214,House Number Not Found,Street Not Found,Atlanta,Georgia,30303,United States of America
215,150,West 15th Street,North Vancouver City,British Columbia,V7M,Canada
216,House Number Not Found,Canal Street,Lemont,Illinois,60439,United States of America
217,House Number Not Found,Street Not Found,Chadwick,Illinois,61014,United States of America
218,House Number Not Found,Street Not Found,Bethesda,Maryland,22814,United States of America
219,15361,State Route 207,Coles Corner,Washington,98826,United States of America
220,House Number Not Found,Street Not Found,City Not Found,State Not Found,Postcode Not Found,Country Not Found
221,House Number Not Found,Street Not Found,Jefferson,Kansas,67340,United States of America
222,House Number Not Found,New Street,Irvington,New Jersey,7111,United States of America
223,House Number Not Found,Street Not Found,Princeville,Illinois,61559,United States of America
224,House Number Not Found,Street Not Found,Toronto,Ontario,M5J 1S9,Canada
225,150,Greenwich Street,New York City,New York,10007,United States of America
226,133,South 3rd Street,Louisville,Kentucky,40202,United States of America
227,House Number Not Found,Street Not Found,Tampa,Florida,33602,United States of America
228,500,East Trade Street,Charlotte,North Carolina,28202,United States of America
229,House Number Not Found,Street Not Found,Jonesboro,Arkansas,72403,United States of America
230,1423,North Jefferson Avenue,Springfield,Missouri,65801,United States of America
231,House Number Not Found,Street Not Found,Level Corner,Pennsylvania,17744,United States of America
232,House Number Not Found,Union Turnpike,New York City,New York,11366,United States of America
233,House Number Not Found,Street Not Found,Jefferson,Kansas,67340,United States of America
234,150,Greenwich Street,New York City,New York,10007,United States of America
235,House Number Not Found,Street Not Found,Kolkata,West Bengal,700012,India
236,House Number Not Found,Street Not Found,Muscatine,Iowa,52761,United States of America
237,House Number Not Found,North Broadway Street,Medina,Ohio,44256,United States of America
238,74,Berry Street,Brisbane,Queensland,4004,Australia
239,House Number Not Found,Street Not Found,West Des Moines,Iowa,50265-5556,United States of America
240,74,Berry Street,Brisbane,Queensland,4004,Australia
241,House Number Not Found,Street Not Found,Jefferson,Kansas,67340,United States of America
242,House Number Not Found,Street Not Found,Jefferson,Kansas,67340,United States of America
243,House Number Not Found,Kissena Boulevard,New York City,New York,11355,United States of America
244,House Number Not Found,Street Not Found,Jefferson,Kansas,67340,United States of America
245,House Number Not Found,Newbury Road,Thousand Oaks,California,CA 91320,United States of America
246,935,Gardiners Road,Kingston,Ontario,K7M 9A9,Canada
247,House Number Not Found,Street Not Found,Coffeyville,Kansas,67337,United States of America
248,570,Roseberry Street,Winnipeg,Manitoba,R3H 0R9,Canada
249,House Number Not Found,Street Not Found,St. Louis,Missouri,63102-1102,United States of America
250,74,Berry Street,Brisbane,Queensland,4004,Australia
251,House Number Not Found,Street Not Found,Toronto,Ontario,M5J 1S9,Canada
252,House Number Not Found,Street Not Found,Marshall,Texas,75670,United States of America
253,House Number Not Found,Rue Roger-Pilon,Dollard-Des-Ormeaux,Quebec,H9A 2K2,Canada
254,21,Dane Street,Somerville,Massachusetts,2143,United States of America
255,House Number Not Found,Street Not Found,Atlanta,Georgia,30303,United States of America
256,House Number Not Found,Street Not Found,Plumsted Township,New Jersey,8533,United States of America
257,House Number Not Found,Street Not Found,Edison,New Jersey,08854-8055,United States of America
258,1,Federal Street,Boston,Massachusetts,02110-1301,United States of America
259,411,South Houston Street,Dallas,Texas,75202,United States of America
260,House Number Not Found,Street Not Found,Carrollton,Texas,75010,United States of America
261,House Number Not Found,Street Not Found,City Not Found,Minnesota,Postcode Not Found,United States of America
262,House Number Not Found,Enterprise Drive,Bird in Hand,Pennsylvania,17576,United States of America
263,1801,First Capitol Drive,Saint Charles,Missouri,63301,United States of America
264,House Number Not Found,Enterprise Drive,Bird in Hand,Pennsylvania,17576,United States of America
265,House Number Not Found,Street Not Found,Beaumont,Texas,77702,United States of America
266,House Number Not Found,Enterprise Drive,Bird in Hand,Pennsylvania,17576,United States of America
267,House Number Not Found,Street Not Found,Sportsmen Acres Community,Oklahoma,Postcode Not Found,United States of America
268,House Number Not Found,Street Not Found,Las Vegas,Nevada,89101,United States of America
269,House Number Not Found,Street Not Found,Le Hunt,Kansas,67301,United States of America
270,House Number Not Found,Street Not Found,Plumsted Township,New Jersey,8533,United States of America
271,House Number Not Found,Street Not Found,Charleston,South Carolina,29401,United States of America
272,House Number Not Found,Street Not Found,Olathe,Kansas,66061,United States of America
273,150,Greenwich Street,New York City,New York,10007,United States of America
274,House Number Not Found,Street Not Found,Birr Municipal District,State Not Found,Postcode Not Found,Ireland
275,House Number Not Found,Street Not Found,Jersey City,New Jersey,07304:07306,United States of America
276,House Number Not Found,Street Not Found,Baltimore,Maryland,21202,United States of America
277,500,East Trade Street,Charlotte,North Carolina,28202,United States of America
278,House Number Not Found,Street Not Found,Atlanta,Georgia,30303,United States of America
279,House Number Not Found,Street Not Found,Atlanta,Georgia,30303,United States of America
280,500,East Trade Street,Charlotte,North Carolina,28202,United States of America
281,500,East Trade Street,Charlotte,North Carolina,28202,United States of America
282,House Number Not Found,Street Not Found,Columbus,Ohio,43216,United States of America
283,151,North Franklin Street,Chicago,Illinois,60606,United States of America
284,House Number Not Found,Street Not Found,Houston,Texas,77003:77007,United States of America
285,House Number Not Found,Street Not Found,Plainfield,New Hampshire,3781,United States of America
286,9246,Beauregard Avenue,Manassas,Virginia,20110,United States of America
287,House Number Not Found,Street Not Found,Jefferson,Kansas,67340,United States of America
288,610,West College Street,Springfield,Missouri,65806,United States of America
289,House Number Not Found,Street Not Found,Durham,North Carolina,27701,United States of America
290,House Number Not Found,Street Not Found,City Not Found,State Not Found,Postcode Not Found,Country Not Found
291,House Number Not Found,Street Not Found,Atlanta,Georgia,30303,United States of America
292,House Number Not Found,West Side Highway,Sacramento,California,95814,United States of America
293,House Number Not Found,Orange Street,Jacksonville,Florida,32202,United States of America
294,House Number Not Found,Street Not Found,Plumsted Township,New Jersey,8533,United States of America
295,House Number Not Found,Street Not Found,Washington,District of Columbia,20420,United States of America
296,House Number Not Found,Street Not Found,St. Louis,Missouri,63102-1102,United States of America
297,15361,State Route 207,Coles Corner,Washington,98826,United States of America
298,House Number Not Found,Street Not Found,Six Forks,Delaware,19954,United States of America
299,House Number Not Found,Street Not Found,City Not Found,State Not Found,Postcode Not Found,Country Not Found
300,15361,State Route 207,Coles Corner,Washington,98826,United States of America
301,15361,State Route 207,Coles Corner,Washington,98826,United States of America
302,House Number Not Found,Warner Bridge Road,Sims Spring,Tennessee,37160,United States of America
303,15361,State Route 207,Coles Corner,Washington,98826,United States of America
304,House Number Not Found,Street Not Found,Jefferson,Kansas,67340,United States of America
305,15361,State Route 207,Coles Corner,Washington,98826,United States of America
306,House Number Not Found,Street Not Found,Tameside,England,OL6 6PQ,United Kingdom
307,House Number Not Found,Street Not Found,Plumsted Township,New Jersey,8533,United States of America
308,15361,State Route 207,Coles Corner,Washington,98826,United States of America
309,House Number Not Found,Street Not Found,Washington,District of Columbia,20420,United States of America
310,House Number Not Found,Street Not Found,Atlanta,Georgia,30303,United States of America
311,15361,State Route 207,Coles Corner,Washington,98826,United States of America
312,151,North Franklin Street,Chicago,Illinois,60606,United States of America
313,500,East Trade Street,Charlotte,North Carolina,28202,United States of America
314,15361,State Route 207,Coles Corner,Washington,98826,United States of America
315,15361,State Route 207,Coles Corner,Washington,98826,United States of America
316,15361,State Route 207,Coles Corner,Washington,98826,United States of America
317,1,Federal Street,Boston,Massachusetts,02110-1301,United States of America
318,House Number Not Found,West Side Highway,Sacramento,California,95814,United States of America
319,1635,Farrington Road,Bells,North Carolina,27523,United States of America
320,House Number Not Found,North 3rd Street,De Queen,Arkansas,71832,United States of America
321,House Number Not Found,Street Not Found,Maybole,Scotland,KA19 7HS,United Kingdom
322,House Number Not Found,Street Not Found,Baltimore,Maryland,21202,United States of America
323,1,Federal Street,Boston,Massachusetts,02110-1301,United States of America
324,House Number Not Found,Street Not Found,Washington,District of Columbia,20420,United States of America
325,House Number Not Found,Broadway,London,England,SW1H 0BE,United Kingdom
326,House Number Not Found,Posterngate,Hull,England,HU1 2LS,United Kingdom
327,House Number Not Found,Street Not Found,Atlanta,Georgia,30303,United States of America
328,150,West 15th Street,North Vancouver City,British Columbia,V7M,Canada
329,House Number Not Found,Canal Street,Lemont,Illinois,60439,United States of America
330,House Number Not Found,Street Not Found,Chadwick,Illinois,61014,United States of America
331,House Number Not Found,Street Not Found,Bethesda,Maryland,22814,United States of America
332,15361,State Route 207,Coles Corner,Washington,98826,United States of America
333,House Number Not Found,Street Not Found,City Not Found,State Not Found,Postcode Not Found,Country Not Found
334,House Number Not Found,Street Not Found,Jefferson,Kansas,67340,United States of America
335,House Number Not Found,New Street,Irvington,New Jersey,7111,United States of America
336,House Number Not Found,Street Not Found,Princeville,Illinois,61559,United States of America
337,House Number Not Found,Street Not Found,Toronto,Ontario,M5J 1S9,Canada
338,150,Greenwich Street,New York City,New York,10007,United States of America
339,133,South 3rd Street,Louisville,Kentucky,40202,United States of America
340,House Number Not Found,Street Not Found,Falls Township,Pennsylvania,19030-4005,United States of America
341,House Number Not Found,Randall Well Street,Bradford,England,BD7 1AL,United Kingdom
342,31,Beckenhofstrasse,Zurich,Zurich,8006,Switzerland
343,6813,Carslaw Court,Prospect,Kentucky,40059,United States of America
344,500,East Trade Street,Charlotte,North Carolina,28202,United States of America
345,500,East Trade Street,Charlotte,North Carolina,28202,United States of America
346,500,East Trade Street,Charlotte,North Carolina,28202,United States of America
347,House Number Not Found,Street Not Found,Raleigh,North Carolina,27603,United States of America
348,House Number Not Found,Street Not Found,Coffeyville,Kansas,67337,United States of America
349,House Number Not Found,Street Not Found,Pretoria,Gauteng,0,South Africa
350,House Number Not Found,Street Not Found,Jefferson,Kansas,67340,United States of America
351,House Number Not Found,Street Not Found,Forest Heath,England,CB8 8NT,United Kingdom
352,House Number Not Found,Street Not Found,City Not Found,State Not Found,Postcode Not Found,Country Not Found
353,House Number Not Found,Street Not Found,Washington,District of Columbia,20420,United States of America
354,21,Dane Street,Somerville,Massachusetts,2143,United States of America
355,House Number Not Found,Street Not Found,Rayne Township,Pennsylvania,15723,United States of America
356,House Number Not Found,Street Not Found,Harrisburg,Pennsylvania,17120,United States of America
357,House Number Not Found,Street Not Found,Plainfield,New Hampshire,3781,United States of America
358,House Number Not Found,Street Not Found,Mississauga,Ontario,L5B 4C1,Canada
359,House Number Not Found,Street Not Found,City Not Found,State Not Found,Postcode Not Found,Country Not Found
360,House Number Not Found,Street Not Found,Middletown,Ohio,45042,United States of America
361,House Number Not Found,Street Not Found,Jackson,Mississippi,39201,United States of America
362,House Number Not Found,Street Not Found,Skopje,Skopje Region,100,Macedonia
363,550,Latona Road,KodaVista,New York,14626,United States of America
364,House Number Not Found,Broadway,London,England,SW1H 0BE,United Kingdom
365,House Number Not Found,Street Not Found,Tameside,England,OL6 6PQ,United Kingdom
366,House Number Not Found,Street Not Found,L-Imġarr,Malta,SPB15,Malta
367,House Number Not Found,Street Not Found,City Not Found,State Not Found,Postcode Not Found,Country Not Found
368,House Number Not Found,Broadway,London,England,SW1H 0BE,United Kingdom
369,174,River Side Road,Indore,Madhya Pradesh,452001,India
370,House Number Not Found,Street Not Found,Ho Chi Minh City,State Not Found,76000,Vietnam
371,House Number Not Found,Street Not Found,Pretoria,Gauteng,28,South Africa
372,House Number Not Found,Street Not Found,Pretoria,Gauteng,28,South Africa
373,House Number Not Found,Street Not Found,Boston,England,PE20 3NS,United Kingdom
374,House Number Not Found,Street Not Found,Pretoria,Gauteng,28,South Africa
375,House Number Not Found,Street Not Found,Pretoria,Gauteng,28,South Africa
376,House Number Not Found,Street Not Found,Warwick,England,CV31 1XF,United Kingdom
377,House Number Not Found,Street Not Found,Pretoria,Gauteng,28,South Africa
378,House Number Not Found,Street Not Found,Pretoria,Gauteng,28,South Africa
379,House Number Not Found,Street Not Found,Tameside,England,OL7 0LE,United Kingdom
380,House Number Not Found,Street Not Found,Tigard,Oregon,97223,United States of America
381,500,East Trade Street,Charlotte,North Carolina,28202,United States of America
382,House Number Not Found,Street Not Found,Los Angeles,California,90012,United States of America
383,500,East Trade Street,Charlotte,North Carolina,28202,United States of America
384,House Number Not Found,Street Not Found,Phoenix,Arizona,85004,United States of America
385,House Number Not Found,Street Not Found,Kolkata,West Bengal,700012,India
386,House Number Not Found,Warner Bridge Road,Sims Spring,Tennessee,37160,United States of America
387,465,MacLaren Street,Ottawa,Ontario,K2P 0M7,Canada
388,House Number Not Found,Street Not Found,St. Louis,Missouri,63102-1102,United States of America
389,House Number Not Found,Castlereagh St Cycleway (south),Sydney,New South Wales,2000,Australia
390,House Number Not Found,Street Not Found,City of Saginaw,Michigan,48602,United States of America
391,House Number Not Found,Street Not Found,Houston,Texas,77003:77007,United States of America
392,House Number Not Found,Street Not Found,Washington,District of Columbia,20420,United States of America
393,House Number Not Found,Street Not Found,City Not Found,State Not Found,Postcode Not Found,Country Not Found
394,House Number Not Found,Street Not Found,Jefferson,Kansas,67340,United States of America
395,House Number Not Found,Street Not Found,Kansas City,Kansas,66101,United States of America
396,House Number Not Found,Street Not Found,City Not Found,State Not Found,Postcode Not Found,Country Not Found
397,House Number Not Found,Arlegui,Quiapo,State Not Found,1001,Philippines
398,House Number Not Found,Halifax Waterfront Boardwalk,Halifax,Nova Scotia,B3J 1S2,Canada
399,House Number Not Found,Street Not Found,City Not Found,State Not Found,Postcode Not Found,Country Not Found
400,House Number Not Found,Street Not Found,Washington,District of Columbia,20420,United States of America
401,1615,15th Avenue,Seattle,Washington,98122,United States of America
402,2922,2nd Road North,Arlington,Virginia,22201,United States of America
403,150,West 15th Street,North Vancouver City,British Columbia,V7M,Canada
404,9246,Beauregard Avenue,Manassas,Virginia,20110,United States of America
405,2922,2nd Road North,Arlington,Virginia,22201,United States of America
406,House Number Not Found,West 11th Street,Little Rock,Arkansas,72202,United States of America
407,House Number Not Found,Street Not Found,City Not Found,State Not Found,Postcode Not Found,Country Not Found
408,House Number Not Found,Street Not Found,Tigard,Oregon,97223,United States of America
409,House Number Not Found,Street Not Found,Oakville,Connecticut,6795,United States of America
410,House Number Not Found,Street Not Found,Nashville-Davidson,Tennessee,37219,United States of America
411,House Number Not Found,Street Not Found,Los Angeles,California,90012,United States of America
412,House Number Not Found,Street Not Found,Atlanta,Georgia,30303,United States of America
413,1,South Main Street,Salinas,California,93901,United States of America
414,House Number Not Found,Rue Roger-Pilon,Dollard-Des-Ormeaux,Quebec,H9A 2K2,Canada
415,House Number Not Found,Street Not Found,St. Louis,Missouri,63102-1102,United States of America
416,House Number Not Found,Street Not Found,Kansas City,Kansas,66101,United States of America
417,House Number Not Found,Street Not Found,Paradise,Nevada,89109-4338,United States of America
418,House Number Not Found,Street Not Found,Tetersburg,Indiana,46045,United States of America
419,House Number Not Found,Street Not Found,Atlanta,Georgia,30303,United States of America
420,House Number Not Found,Boulevard De Maisonneuve Ouest,Montreal,Quebec,H3A 3L4,Canada
421,House Number Not Found,Street Not Found,City Not Found,State Not Found,Postcode Not Found,Country Not Found
422,House Number Not Found,Broadway,London,England,SW1H 0BE,United Kingdom
423,House Number Not Found,Street Not Found,Clevedon,England,BS21,United Kingdom
424,House Number Not Found,Ann Street,Newport,Rhode Island,2840,United States of America
425,1904,Grand Avenue,Grand Junction,Colorado,81501,United States of America
426,House Number Not Found,Street Not Found,Buffalo,New York,14202,United States of America
427,House Number Not Found,Street Not Found,Atlanta,Georgia,30303,United States of America
428,House Number Not Found,Street Not Found,City Not Found,State Not Found,Postcode Not Found,Country Not Found
429,House Number Not Found,Street Not Found,Washington,District of Columbia,20420,United States of America
430,350,Canal Walk,Indianapolis,Indiana,46202,United States of America
431,House Number Not Found,Broadway,London,England,SW1H 0BE,United Kingdom
432,House Number Not Found,Street Not Found,Jefferson,Kansas,67340,United States of America
433,1,Federal Street,Boston,Massachusetts,02110-1301,United States of America
434,House Number Not Found,Street Not Found,Sudbury,Massachusetts,1733,United States of America
435,309,East 11th Street,Austin,Texas,78701,United States of America
436,House Number Not Found,Street Not Found,Honolulu,Hawaii,96850,United States of America
437,House Number Not Found,Street Not Found,Fremont,Nebraska,68025,United States of America
438,141,Westhill Lane,Sheffield,England,S1 4EW,United Kingdom
439,House Number Not Found,Street Not Found,Tigard,Oregon,97223,United States of America
440,House Number Not Found,Street Not Found,Jefferson,Kansas,67340,United States of America
441,3741,West Chester Pike,Newtown Township,Pennsylvania,19073,United States of America
442,2922,2nd Road North,Arlington,Virginia,22201,United States of America
443,House Number Not Found,Street Not Found,Lee's Summit,Missouri,64063,United States of America
444,1305,North Broadway Street,Milwaukee,Wisconsin,53202,United States of America
445,House Number Not Found,Street Not Found,Tulsa,Oklahoma,74146,United States of America
446,House Number Not Found,Street Not Found,Tigard,Oregon,97223,United States of America
447,House Number Not Found,Street Not Found,City Not Found,State Not Found,Postcode Not Found,Country Not Found
448,House Number Not Found,Wilbury Avenue,Hove,England,BN3 6GT,United Kingdom
449,House Number Not Found,Street Not Found,Houston,Texas,77003:77007,United States of America
450,House Number Not Found,Street Not Found,Jefferson,Kansas,67340,United States of America
451,House Number Not Found,Street Not Found,Cincinnati,Ohio,45202,United States of America
452,House Number Not Found,Street Not Found,Harrisburg,Pennsylvania,17120,United States of America
453,House Number Not Found,Street Not Found,Jefferson,Kansas,67340,United States of America
454,House Number Not Found,Street Not Found,Tampa,Florida,33602,United States of America
455,House Number Not Found,Street Not Found,West Bloomfield Township,Michigan,48323,United States of America
456,House Number Not Found,Street Not Found,Atlanta,Georgia,30303,United States of America
457,House Number Not Found,Street Not Found,Plumsted Township,New Jersey,8533,United States of America
458,House Number Not Found,Street Not Found,City Not Found,Missouri,65401,United States of America
459,House Number Not Found,Street Not Found,City Not Found,State Not Found,Postcode Not Found,Country Not Found
460,House Number Not Found,Street Not Found,East Devon,England,EX8 2AZ,United Kingdom
461,House Number Not Found,Street Not Found,Plumsted Township,New Jersey,8533,United States of America
462,7,Dauphin Street,Mobile,Alabama,36602,United States of America
463,House Number Not Found,Street Not Found,Faisalabad,State Not Found,36000,Pakistan
464,House Number Not Found,West Oglethorpe Avenue,Savannah,Georgia,31401,United States of America
465,150,Greenwich Street,New York City,New York,10007,United States of America
466,House Number Not Found,Street Not Found,City Not Found,State Not Found,Postcode Not Found,Country Not Found
467,House Number Not Found,Falmouth Place,Milton Keynes,England,MK6 2EW,United Kingdom
468,House Number Not Found,Street Not Found,Atlanta,Georgia,30303,United States of America
469,House Number Not Found,Street Not Found,London,England,SW18 4DX,United Kingdom
470,309,East 11th Street,Austin,Texas,78701,United States of America
471,7341,Franklin Avenue,St. Louis Park,Minnesota,55426,United States of America
472,House Number Not Found,Street Not Found,Fresno,California,93702,United States of America
473,House Number Not Found,Street Not Found,Chula Vista,California,Postcode Not Found,United States of America
474,House Number Not Found,Street Not Found,Little River,South Carolina,25982,United States of America
475,House Number Not Found,Street Not Found,Reading,Pennsylvania,19602,United States of America
476,House Number Not Found,Street Not Found,Jefferson,Kansas,67340,United States of America
477,House Number Not Found,Street Not Found,City Not Found,State Not Found,Postcode Not Found,Country Not Found
478,House Number Not Found,Rue Roger-Pilon,Dollard-Des-Ormeaux,Quebec,H9A 2K2,Canada
479,House Number Not Found,Humble-Huffman Road,Atascocita,Texas,77338:77346,United States of America
480,House Number Not Found,Street Not Found,Geneva,Geneva,1201,Switzerland
481,House Number Not Found,Street Not Found,Saint Paul,Minnesota,55106,United States of America
482,House Number Not Found,Street Not Found,Nashville-Davidson,Tennessee,37219,United States of America
483,House Number Not Found,Street Not Found,Washington,District of Columbia,20420,United States of America
484,House Number Not Found,Street Not Found,Atlanta,Georgia,30303,United States of America
485,House Number Not Found,Street Not Found,Toronto,Ontario,M5J 1S9,Canada
486,House Number Not Found,Street Not Found,Pittsburgh,Pennsylvania,15219,United States of America
487,House Number Not Found,Street Not Found,Tetersburg,Indiana,46045,United States of America
488,10364,105 Street NW,Edmonton,Alberta,T5J 0C4,Canada
489,House Number Not Found,Street Not Found,Maybole,Scotland,KA19 7HS,United Kingdom
490,House Number Not Found,Street Not Found,Johannesburg,Gauteng,2001,South Africa
491,House Number Not Found,Street Not Found,Tanager Forest,Maryland,21108,United States of America
492,House Number Not Found,Street Not Found,Washington,District of Columbia,20420,United States of America
493,House Number Not Found,Street Not Found,Jefferson,Kansas,67340,United States of America
494,House Number Not Found,Street Not Found,Charleston,South Carolina,29401,United States of America
495,House Number Not Found,Halifax Waterfront Boardwalk,Halifax,Nova Scotia,B3J 1S2,Canada
496,House Number Not Found,Mansfield Road,Oxford,England,OX1 3TD,United Kingdom
497,House Number Not Found,Street Not Found,Nashville-Davidson,Tennessee,37219,United States of America
498,House Number Not Found,Street Not Found,City Not Found,Indiana,Postcode Not Found,United States of America
499,House Number Not Found,Street Not Found,Kansas City,Kansas,66101,United States of America
500,House Number Not Found,West Side Highway,Sacramento,California,95814,United States of America
501,House Number Not Found,Street Not Found,Saint Petersburg,Florida,33701,United States of America
502,133,South 3rd Street,Louisville,Kentucky,40202,United States of America
503,House Number Not Found,Street Not Found,Nottinghamshire,England,NG22 8AF,United Kingdom
504,1,Federal Street,Boston,Massachusetts,02110-1301,United States of America
505,House Number Not Found,Street Not Found,Gaithersburg,Maryland,Postcode Not Found,United States of America
506,House Number Not Found,Street Not Found,Jefferson,Kansas,67340,United States of America
507,House Number Not Found,Phra Sumen Road,Bangkok,Bangkok,10200,Thailand
508,House Number Not Found,Street Not Found,Jefferson,Kansas,67340,United States of America
509,House Number Not Found,Street Not Found,Dublin,Ohio,43017,United States of America
510,29,81b Street,Dubai,Dubai,128940,United Arab Emirates
511,24-44,97th Street,New York City,New York,11369,United States of America
512,House Number Not Found,Street Not Found,Washington,District of Columbia,20420,United States of America
513,117,South Ashley Street,Ann Arbor,Michigan,48104,United States of America
514,31,Beckenhofstrasse,Zurich,Zurich,8006,Switzerland
515,1423,North Jefferson Avenue,Springfield,Missouri,65801,United States of America
516,House Number Not Found,Street Not Found,Pretoria,Gauteng,28,South Africa
517,House Number Not Found,Street Not Found,Tigard,Oregon,97223,United States of America
518,House Number Not Found,Broadway,London,England,SW1H 0BE,United Kingdom
519,House Number Not Found,Street Not Found,Stockport,England,SK2 5TW,United Kingdom
520,House Number Not Found,Broadway,London,England,SW1H 0BE,United Kingdom
521,House Number Not Found,Street Not Found,Ho Chi Minh City,State Not Found,76000,Vietnam
522,House Number Not Found,Street Not Found,Pretoria,Gauteng,28,South Africa
523,309,East 11th Street,Austin,Texas,78701,United States of America
524,House Number Not Found,Basnett Street,Liverpool,England,L1 1DE,United Kingdom
525,House Number Not Found,Street Not Found,Pretoria,Gauteng,28,South Africa
526,House Number Not Found,Street Not Found,Pretoria,Gauteng,28,South Africa
527,House Number Not Found,Street Not Found,Holt Vestvollen,Akershus,2019,Norway
528,House Number Not Found,Street Not Found,Pretoria,Gauteng,28,South Africa
529,House Number Not Found,Street Not Found,Pretoria,Gauteng,28,South Africa
530,House Number Not Found,Street Not Found,Pretoria,Gauteng,28,South Africa
531,House Number Not Found,Street Not Found,Tigard,Oregon,97223,United States of America
532,House Number Not Found,Street Not Found,Pretoria,Gauteng,28,South Africa
533,House Number Not Found,Lazarus Court,Doncaster,England,DN1 3NF,United Kingdom
534,House Number Not Found,Street Not Found,Pretoria,Gauteng,28,South Africa
535,45,West Street,Warwick,England,CV34 6BE,United Kingdom
536,House Number Not Found,Street Not Found,Pretoria,Gauteng,28,South Africa
537,House Number Not Found,Street Not Found,Pretoria,Gauteng,28,South Africa
538,House Number Not Found,Street Not Found,Pretoria,Gauteng,28,South Africa
539,House Number Not Found,Street Not Found,Pretoria,Gauteng,28,South Africa
540,House Number Not Found,Street Not Found,City Not Found,State Not Found,Postcode Not Found,Country Not Found
541,House Number Not Found,Street Not Found,West Liberty,Ohio,Postcode Not Found,United States of America
542,House Number Not Found,Street Not Found,Tigard,Oregon,97223,United States of America
543,House Number Not Found,Street Not Found,Cardiff,Wales,CF,United Kingdom
544,1635,Farrington Road,Bells,North Carolina,27523,United States of America
545,House Number Not Found,East State Street,Erie,Kansas,66733,United States of America
546,House Number Not Found,Street Not Found,St. Louis,Missouri,63102-1102,United States of America
547,House Number Not Found,Street Not Found,Tigard,Oregon,97223,United States of America
548,House Number Not Found,Street Not Found,Panama City,Florida,32401,United States of America
549,42,Street 1 Lane 2,Kuwait City,Al Asimah,72504,Kuwait
550,House Number Not Found,Street Not Found,City Not Found,State Not Found,Postcode Not Found,Country Not Found
551,House Number Not Found,North Civic Center Plaza,Surprise,Arizona,85374-9998,United States of America
552,House Number Not Found,Street Not Found,Baton Rouge,Louisiana,70802,United States of America
553,House Number Not Found,Street Not Found,San Diego,California,92101,United States of America
554,House Number Not Found,Street Not Found,Beverly Hills,California,90212,United States of America
555,151,North Franklin Street,Chicago,Illinois,60606,United States of America
556,House Number Not Found,Street Not Found,Pittsburgh,Pennsylvania,15219,United States of America
557,House Number Not Found,Street Not Found,City Not Found,State Not Found,Postcode Not Found,Country Not Found
558,5011,Finley Drive,Austin,Texas,78731,United States of America
559,House Number Not Found,Street Not Found,Inglewood,California,90304,United States of America
560,500,East Trade Street,Charlotte,North Carolina,28202,United States of America
561,House Number Not Found,Street Not Found,Washington,District of Columbia,20420,United States of America
562,House Number Not Found,Street Not Found,Atlanta,Georgia,30303,United States of America
563,House Number Not Found,Street Not Found,Houston,Texas,77003:77007,United States of America
564,54,Fairfield Street,Montclair,New Jersey,7042,United States of America
565,House Number Not Found,Street Not Found,Atlanta,Georgia,30303,United States of America
566,House Number Not Found,Street Not Found,Jefferson,Kansas,67340,United States of America
567,House Number Not Found,Street Not Found,Jersey Village,Texas,77040,United States of America
568,531,East Jackson Boulevard,Jonesborough,Tennessee,37659,United States of America
569,House Number Not Found,Street Not Found,St. Louis,Missouri,63102-1102,United States of America
570,74,Berry Street,Brisbane,Queensland,4004,Australia
571,74,Berry Street,Brisbane,Queensland,4004,Australia
572,House Number Not Found,Street Not Found,City Not Found,State Not Found,Postcode Not Found,Country Not Found
573,273,Columbus Avenue,New York City,New York,10023,United States of America
574,House Number Not Found,Street Not Found,Sportsmen Acres Community,Oklahoma,Postcode Not Found,United States of America
575,House Number Not Found,Halcyon Place,Concord,New Hampshire,3302,United States of America
576,3741,West Chester Pike,Newtown Township,Pennsylvania,19073,United States of America
577,House Number Not Found,Street Not Found,Hillsboro,Oregon,97124,United States of America
578,2530,Charlotte Street,Kansas City,Missouri,64108,United States of America
579,House Number Not Found,Street Not Found,Atlanta,Georgia,30303,United States of America
580,House Number Not Found,Street Not Found,Baton Rouge,Louisiana,70802,United States of America
581,House Number Not Found,Street Not Found,City Not Found,State Not Found,Postcode Not Found,Country Not Found
582,House Number Not Found,Street Not Found,Jefferson,Kansas,67340,United States of America
583,House Number Not Found,Tony McGrane Place,Dubbo,New South Wales,2830,Australia
584,House Number Not Found,Street Not Found,San Francisco,California,94103,United States of America
585,House Number Not Found,Street Not Found,Columbus,Ohio,43216,United States of America
586,House Number Not Found,Street Not Found,Columbus,Ohio,43216,United States of America
587,House Number Not Found,Street Not Found,Jefferson,Kansas,67340,United States of America
588,House Number Not Found,Street Not Found,Tigard,Oregon,97223,United States of America
589,House Number Not Found,Street Not Found,San Diego,California,92101,United States of America
590,House Number Not Found,Street Not Found,Lansing,Michigan,48912,United States of America
591,House Number Not Found,Street Not Found,Jefferson,Kansas,67340,United States of America
592,151,North Franklin Street,Chicago,Illinois,60606,United States of America
593,610,West College Street,Springfield,Missouri,65806,United States of America
594,House Number Not Found,Street Not Found,Adelaide,South Australia,5000,Australia
595,House Number Not Found,Street Not Found,Jefferson,Kansas,67340,United States of America
596,House Number Not Found,Street Not Found,City Not Found,Kansas,67227,United States of America
597,House Number Not Found,Street Not Found,City Not Found,State Not Found,Postcode Not Found,Country Not Found
598,150,Greenwich Street,New York City,New York,10007,United States of America
599,House Number Not Found,North Grandin Avenue,Rockville,Maryland,20850,United States of America
600,2922,2nd Road North,Arlington,Virginia,22201,United States of America
601,House Number Not Found,Street Not Found,Vancouver,Washington,98682,United States of America
602,House Number Not Found,Street Not Found,Dublin,Ohio,43017,United States of America
603,2922,2nd Road North,Arlington,Virginia,22201,United States of America
604,House Number Not Found,Street Not Found,Edinburgh,Scotland,EH1 2AW,United Kingdom
605,House Number Not Found,Street Not Found,Suffolk Coastal,England,IP12 4HA,United Kingdom
606,House Number Not Found,Street Not Found,Columbus,Ohio,43216,United States of America
607,2922,2nd Road North,Arlington,Virginia,22201,United States of America
608,1304,Elati Street,Denver,Colorado,80204,United States of America
609,House Number Not Found,Street Not Found,Sudbury,Massachusetts,1733,United States of America
610,House Number Not Found,Street Not Found,Basel,Basel-City,4057,Switzerland
611,House Number Not Found,Street Not Found,Harrisburg,Pennsylvania,17120,United States of America
612,House Number Not Found,Broadway,London,England,SW1H 0BE,United Kingdom
613,309,East 11th Street,Austin,Texas,78701,United States of America
614,House Number Not Found,South Lexington Avenue,White Plains,New York,10606,United States of America
615,House Number Not Found,Street Not Found,San Diego,California,92101,United States of America
616,House Number Not Found,Street Not Found,Tetersburg,Indiana,46045,United States of America
617,House Number Not Found,Street Not Found,St. Louis,Missouri,63102-1102,United States of America
618,272,Elm Street,New Haven,Connecticut,6511,United States of America
619,House Number Not Found,Street Not Found,St. Louis,Missouri,63102-1102,United States of America
620,House Number Not Found,Street Not Found,Houston,Texas,77003:77007,United States of America
621,House Number Not Found,Street Not Found,Washington,District of Columbia,20420,United States of America
622,500,East Trade Street,Charlotte,North Carolina,28202,United States of America
623,House Number Not Found,Street Not Found,Atlanta,Georgia,30303,United States of America
624,House Number Not Found,Street Not Found,Philadelphia,Pennsylvania,19102,United States of America
625,House Number Not Found,Street Not Found,Jefferson,Kansas,67340,United States of America
626,2922,2nd Road North,Arlington,Virginia,22201,United States of America
627,House Number Not Found,Street Not Found,East Devon,England,EX8 2AZ,United Kingdom
628,House Number Not Found,Street Not Found,Tigard,Oregon,97223,United States of America
629,House Number Not Found,Crown Point Road,Thorofare,New Jersey,8086,United States of America
630,House Number Not Found,Street Not Found,Jersey City,New Jersey,07304:07306,United States of America
631,150,Greenwich Street,New York City,New York,10007,United States of America
632,House Number Not Found,North Grandin Avenue,Rockville,Maryland,20850,United States of America
633,House Number Not Found,Street Not Found,Jefferson,Kansas,67340,United States of America
634,House Number Not Found,Street Not Found,Washington,District of Columbia,20420,United States of America
635,House Number Not Found,Harris Street,Newberry,South Carolina,29108,United States of America
636,House Number Not Found,Street Not Found,Jefferson,Kansas,67340,United States of America
637,House Number Not Found,Street Not Found,Washington,District of Columbia,20420,United States of America
638,69,Aripo Road,Aripo,Tunapuna-Piarco,0,Trinidad and Tobago
639,House Number Not Found,Halcyon Place,Concord,New Hampshire,3302,United States of America
640,House Number Not Found,Street Not Found,Baton Rouge,Louisiana,70802,United States of America
641,House Number Not Found,Street Not Found,City Not Found,State Not Found,Postcode Not Found,Country Not Found
642,House Number Not Found,Street Not Found,Level Corner,Pennsylvania,17744,United States of America
643,House Number Not Found,Street Not Found,Baltimore,Maryland,21202,United States of America
644,7,Dauphin Street,Mobile,Alabama,36602,United States of America
645,21,Churton Street,London,England,SW1V 2BA,United Kingdom
646,House Number Not Found,Street Not Found,Durham,North Carolina,27701,United States of America
647,House Number Not Found,Street Not Found,Toronto,Ontario,M5J 1S9,Canada
648,180,Clifton Street,Peterborough,Ontario,K9H 7N9,Canada
649,House Number Not Found,Street Not Found,Rochester,Minnesota,Postcode Not Found,United States of America
650,House Number Not Found,Street Not Found,Washington,District of Columbia,20420,United States of America
651,House Number Not Found,Resource Center Parkway,Birmingham,Alabama,35242,United States of America
652,House Number Not Found,Street Not Found,Tampa,Florida,33602,United States of America
653,House Number Not Found,Street Not Found,St. Louis,Missouri,63102-1102,United States of America
654,150,Greenwich Street,New York City,New York,10007,United States of America
655,House Number Not Found,Street Not Found,City Not Found,State Not Found,Postcode Not Found,Country Not Found
656,55,Webster Avenue,New Rochelle,New York,10801,United States of America
657,House Number Not Found,Street Not Found,Fair Oaks,California,95628,United States of America
658,House Number Not Found,Street Not Found,Tigard,Oregon,97223,United States of America
659,House Number Not Found,Street Not Found,Rome,Lazio,169,Italy
660,1,Federal Street,Boston,Massachusetts,02110-1301,United States of America
661,House Number Not Found,Street Not Found,St. Louis,Missouri,63102-1102,United States of America
662,House Number Not Found,Street Not Found,St. Louis,Missouri,63102-1102,United States of America
663,22,East Leigh Street,Richmond City,Virginia,23219,United States of America
664,House Number Not Found,Street Not Found,City Not Found,State Not Found,Postcode Not Found,Country Not Found
665,House Number Not Found,Street Not Found,Tetersburg,Indiana,46045,United States of America
666,House Number Not Found,Fairlawn Avenue,Carthage,Missouri,64836,United States of America
667,151,North Franklin Street,Chicago,Illinois,60606,United States of America
668,House Number Not Found,Dock Street,Leeds,England,LS10 1LX,United Kingdom
669,39,Church Street,London,England,CR0 1RH,United Kingdom
670,House Number Not Found,Street Not Found,Atlanta,Georgia,30303,United States of America
671,House Number Not Found,Street Not Found,Deerfield,Illinois,60015,United States of America
672,House Number Not Found,Street Not Found,Baltimore,Maryland,21202,United States of America
673,House Number Not Found,Street Not Found,St. Louis,Missouri,63102-1102,United States of America
674,500,East Trade Street,Charlotte,North Carolina,28202,United States of America
675,House Number Not Found,Market Street,Memphis,Tennessee,38103,United States of America
676,House Number Not Found,Street Not Found,Nashville-Davidson,Tennessee,37219,United States of America
677,House Number Not Found,Street Not Found,Pretoria,Gauteng,28,South Africa
678,3741,West Chester Pike,Newtown Township,Pennsylvania,19073,United States of America
679,House Number Not Found,Street Not Found,York,Pennsylvania,17401,United States of America
680,House Number Not Found,Street Not Found,St. Louis,Missouri,63102-1102,United States of America
681,House Number Not Found,Street Not Found,Atlanta,Georgia,30303,United States of America
682,House Number Not Found,Street Not Found,Tampa,Florida,33607,United States of America
683,House Number Not Found,Street Not Found,Pretoria,Gauteng,28,South Africa
684,House Number Not Found,Street Not Found,Pretoria,Gauteng,28,South Africa
685,House Number Not Found,Street Not Found,Cathedral City,California,CA 92234,United States of America
686,House Number Not Found,Street Not Found,Pretoria,Gauteng,28,South Africa
687,House Number Not Found,Street Not Found,Basel,Basel-City,4057,Switzerland
688,House Number Not Found,Street Not Found,Maybole,Scotland,KA19 7HS,United Kingdom
689,House Number Not Found,Street Not Found,Cedar Park,Texas,78613,United States of America
690,House Number Not Found,Street Not Found,Forest Heath,England,CB8 8NT,United Kingdom
691,House Number Not Found,Street Not Found,McKinney,Texas,75070,United States of America
692,House Number Not Found,Street Not Found,City Not Found,State Not Found,Postcode Not Found,Country Not Found
693,House Number Not Found,Warner Bridge Road,Sims Spring,Tennessee,37160,United States of America
694,House Number Not Found,Street Not Found,City Not Found,State Not Found,Postcode Not Found,Country Not Found
695,House Number Not Found,Broadway,London,England,SW1H 0BE,United Kingdom
696,House Number Not Found,Street Not Found,City Not Found,State Not Found,Postcode Not Found,Country Not Found
697,House Number Not Found,Street Not Found,City Not Found,State Not Found,Postcode Not Found,Country Not Found
698,House Number Not Found,Street Not Found,City Not Found,State Not Found,Postcode Not Found,Country Not Found
699,House Number Not Found,Street Not Found,City Not Found,State Not Found,Postcode Not Found,Country Not Found
700,House Number Not Found,Street Not Found,City Not Found,State Not Found,Postcode Not Found,Country Not Found
701,House Number Not Found,Street Not Found,City Not Found,State Not Found,Postcode Not Found,Country Not Found
702,House Number Not Found,Street Not Found,City Not Found,State Not Found,Postcode Not Found,Country Not Found
703,House Number Not Found,Street Not Found,Jefferson,Kansas,67340,United States of America
704,House Number Not Found,Street Not Found,City Not Found,State Not Found,Postcode Not Found,Country Not Found
705,House Number Not Found,Street Not Found,City Not Found,State Not Found,Postcode Not Found,Country Not Found
706,House Number Not Found,Street Not Found,City Not Found,State Not Found,Postcode Not Found,Country Not Found
707,House Number Not Found,Street Not Found,City Not Found,State Not Found,Postcode Not Found,Country Not Found
708,House Number Not Found,Street Not Found,City Not Found,State Not Found,Postcode Not Found,Country Not Found
709,House Number Not Found,Street Not Found,City Not Found,State Not Found,Postcode Not Found,Country Not Found
710,House Number Not Found,Street Not Found,City Not Found,State Not Found,Postcode Not Found,Country Not Found
711,House Number Not Found,Street Not Found,City Not Found,State Not Found,Postcode Not Found,Country Not Found
712,House Number Not Found,Street Not Found,City Not Found,State Not Found,Postcode Not Found,Country Not Found
713,House Number Not Found,Street Not Found,City Not Found,State Not Found,Postcode Not Found,Country Not Found
714,91,Rua Passos Manuel,Lisbon,Área Metropolitana de Lisboa,1150-285,Portugal
715,House Number Not Found,Street Not Found,Swindon,England,SN1 5DP,United Kingdom
716,House Number Not Found,Street Not Found,Cardiff,Wales,CF,United Kingdom
717,House Number Not Found,Street Not Found,Basel,Basel-City,4057,Switzerland
718,House Number Not Found,Street Not Found,City Not Found,State Not Found,Postcode Not Found,Country Not Found
719,House Number Not Found,Street Not Found,Pretoria,Gauteng,28,South Africa
720,House Number Not Found,Street Not Found,St. Louis,Missouri,63102-1102,United States of America
721,House Number Not Found,Street Not Found,Sportsmen Acres Community,Oklahoma,Postcode Not Found,United States of America
722,House Number Not Found,Street Not Found,New Delhi,Delhi,110004,India
723,House Number Not Found,East Thousand Oaks Boulevard,Thousand Oaks,California,CA 91362,United States of America
724,House Number Not Found,Street Not Found,Willow Springs,Missouri,65793,United States of America
725,House Number Not Found,Street Not Found,Plumsted Township,New Jersey,8533,United States of America
726,74,Berry Street,Brisbane,Queensland,4004,Australia
727,74,Berry Street,Brisbane,Queensland,4004,Australia
728,House Number Not Found,Street Not Found,Roseville,California,95747,United States of America
729,House Number Not Found,Street Not Found,Beaufort,South Carolina,29902:29920,United States of America
730,House Number Not Found,Street Not Found,Jersey City,New Jersey,07304:07306,United States of America
731,500,East Trade Street,Charlotte,North Carolina,28202,United States of America
732,House Number Not Found,Rue Roger-Pilon,Dollard-Des-Ormeaux,Quebec,H9A 2K2,Canada
733,House Number Not Found,Street Not Found,London,England,N1,United Kingdom
734,House Number Not Found,Street Not Found,Verona,New Jersey,7044,United States of America
735,House Number Not Found,Street Not Found,Cincinnati,Ohio,45202,United States of America
736,House Number Not Found,Broadway,London,England,SW1H 0BE,United Kingdom
737,House Number Not Found,Street Not Found,Toronto,Ontario,M5J 1S9,Canada
738,201,South Broadway,Green Bay,Wisconsin,54303,United States of America
739,House Number Not Found,Street Not Found,Jefferson,Kansas,67340,United States of America
740,House Number Not Found,Street Not Found,Toronto,Ontario,M5J 1S9,Canada
741,House Number Not Found,Street Not Found,Philadelphia,Pennsylvania,19102,United States of America
742,House Number Not Found,Street Not Found,Tigard,Oregon,97223,United States of America